1022569,113.9981633333,22.6052083333,139.67000,
1022671,113.9981633333,22.6052083333,139.72000,
1022773,113.9981633333,22.6052083333,139.67999,
1022875,113.9981633333,22.6052083333,139.70000,
1022977,113.9981633333,22.6052083333,139.70000,
1023079,113.9981633333,22.6052083333,139.72000,
1023181,113.9981633333,22.6052083333,139.78000,
1023283,113.9981633333,22.6052083333,139.78000,
1023385,113.9981633333,22.6052083333,139.80000,
1023487,113.9981633333,22.6052083333,139.81000,
1023589,113.9981633333,22.6052083333,139.81000,
1023691,113.9981633333,22.6052083333,139.83000,
1023793,113.9981633333,22.6052083333,139.84000,
1023895,113.9981633333,22.6052083333,139.84000,
1023997,113.9981633333,22.6052083333,139.88000,
1024099,113.9981633333,22.6052083333,139.89999,
1024201,113.9981633333,22.6052083333,139.87000,
1024303,113.9981633333,22.6052083333,139.89000,
1024405,113.9981633333,22.6052083333,139.89000,
1024507,113.9981633333,22.6052083333,139.85001,
1024609,113.9981633333,22.6052083333,139.85001,
1024711,113.9981633333,22.6052083333,139.87000,
1024813,113.9981633333,22.6052083333,139.87000,
1024915,113.9981633333,22.6052083333,139.81000,
1025017,113.9981633333,22.6052083333,139.83000,
1025119,113.9981633333,22.6052083333,139.83000,
1025221,113.9981633333,22.6052083333,139.85001,
1025323,113.9981633333,22.6052083333,139.85001,
1025425,113.9981633333,22.6052083333,139.86000,
1025527,113.9981633333,22.6052083333,139.88000,
1025629,113.9981933333,22.6052031667,139.88000,
1025731,113.9981933333,22.6052031667,139.88000,
1025833,113.9981933333,22.6052031667,139.85001,
1025935,113.9981933333,22.6052031667,139.85001,
1026037,113.9981933333,22.6052031667,139.84000,
1026139,113.9981933333,22.6052031667,139.83000,
1026241,113.9981933333,22.6052031667,139.82001,
1026343,113.9981933333,22.6052031667,139.83000,
1026445,113.9981933333,22.6052031667,139.83000,
1026547,113.9981800000,22.6052000000,139.82001,
1026649,113.9981800000,22.6052000000,139.84000,
1026751,113.9981800000,22.6052000000,139.86000,
1026853,113.9981800000,22.6052000000,139.84000,
1026955,113.9981800000,22.6052000000,139.84000,
1027057,113.9981800000,22.6052000000,139.84000,
1027159,113.9981800000,22.6052000000,139.89999,
1027261,113.9981800000,22.6052000000,139.89999,
1027363,113.9981800000,22.6052000000,139.89000,
1027465,113.9981800000,22.6052000000,139.84000,
1027567,113.9981683333,22.6051983333,139.78999,
1027669,113.9981683333,22.6051983333,139.75999,
1027771,113.9981683333,22.6051983333,139.75999,
1027873,113.9981683333,22.6051983333,139.75000,
1027975,113.9981683333,22.6051983333,139.72000,
1028077,113.9981683333,22.6051983333,139.72000,
1028179,113.9981683333,22.6051983333,139.71001,
1028281,113.9981683333,22.6051983333,139.73000,
1028383,113.9981683333,22.6051983333,139.75999,
1028485,113.9981683333,22.6051983333,139.80000,
1028587,113.9981566667,22.6051983333,139.78000,
1028689,113.9981566667,22.6051983333,139.85001,
1028791,113.9981566667,22.6051983333,139.86000,
1028893,113.9981566667,22.6051983333,139.91000,
1028995,113.9981566667,22.6051983333,139.89999,
1029097,113.9981566667,22.6051983333,139.89999,
1029199,113.9981566667,22.6051983333,139.87000,
1029301,113.9981566667,22.6051983333,139.89999,
1029403,113.9981566667,22.6051983333,139.94000,
1029505,113.9981566667,22.6051983333,139.99001,
1029607,113.9981350000,22.6051983333,140.06000,
1029709,113.9981350000,22.6051983333,140.10001,
1029811,113.9981350000,22.6051983333,140.17999,
1029913,113.9981350000,22.6051983333,140.22000,
1030015,113.9981350000,22.6051983333,140.25999,
1030117,113.9981350000,22.6051983333,140.33000,
1030219,113.9981350000,22.6051983333,140.42000,
1030321,113.9981350000,22.6051983333,140.47000,
1030423,113.9981350000,22.6051983333,140.53000,
1030525,113.9981350000,22.6051983333,140.57001,
1030627,113.9981200000,22.6051900000,140.60001,
1030729,113.9981200000,22.6051900000,140.62000,
1030831,113.9981200000,22.6051900000,140.62000,
1030933,113.9981200000,22.6051900000,140.64999,
1031035,113.9981200000,22.6051900000,140.63000,
1031137,113.9981200000,22.6051900000,140.60001,
1031239,113.9981200000,22.6051900000,140.62000,
1031341,113.9981200000,22.6051900000,140.67000,
1031443,113.9981200000,22.6051900000,140.69000,
1031545,113.9981083333,22.6051783333,140.74001,
1031647,113.9981083333,22.6051783333,140.78999,
1031749,113.9981083333,22.6051783333,140.88000,
1031851,113.9981083333,22.6051783333,140.91000,
1031953,113.9981083333,22.6051783333,140.92000,
1032055,113.9981083333,22.6051783333,140.92000,
1032157,113.9981083333,22.6051783333,140.89999,
1032259,113.9981083333,22.6051783333,140.85001,
1032361,113.9981083333,22.6051783333,140.77000,
1032463,113.9981083333,22.6051783333,140.70000,
1032565,113.9981033333,22.6051615000,140.66000,
1032667,113.9981033333,22.6051615000,140.59000,
1032769,113.9981033333,22.6051615000,140.53999,
1032871,113.9981033333,22.6051615000,140.50999,
1032973,113.9981033333,22.6051615000,140.50000,
1033075,113.9981033333,22.6051615000,140.41000,
1033177,113.9981033333,22.6051615000,140.39999,
1033279,113.9981033333,22.6051615000,140.36000,
1033381,113.9981033333,22.6051615000,140.30000,
1033483,113.9981033333,22.6051615000,140.25000,
1033585,113.9980916667,22.6051400000,140.22000,
1033687,113.9980916667,22.6051400000,140.20000,
1033789,113.9980916667,22.6051400000,140.20000,
1033891,113.9980916667,22.6051400000,140.21001,
1033993,113.9980916667,22.6051400000,140.21001,
1034095,113.9980916667,22.6051400000,140.22000,
1034197,113.9980916667,22.6051400000,140.19000,
1034299,113.9980916667,22.6051400000,140.20000,
1034401,113.9980916667,22.6051400000,140.19000,
1034503,113.9980916667,22.6051400000,140.19000,
1034605,113.9980750000,22.6051216667,140.17000,
1034707,113.9980750000,22.6051216667,140.14000,
1034809,113.9980750000,22.6051216667,140.16000,
1034911,113.9980750000,22.6051216667,140.14999,
1035013,113.9980750000,22.6051216667,140.17000,
1035115,113.9980750000,22.6051216667,140.19000,
1035217,113.9980750000,22.6051216667,140.20000,
1035319,113.9980750000,22.6051216667,140.20000,
1035421,113.9980750000,22.6051216667,140.22000,
1035523,113.9980750000,22.6051216667,140.20000,
1035625,113.9980500000,22.6051083333,140.17999,
1035727,113.9980500000,22.6051083333,140.20000,
1035829,113.9980500000,22.6051083333,140.20000,
1035931,113.9980500000,22.6051083333,140.17000,
1036033,113.9980500000,22.6051083333,140.14999,
1036135,113.9980500000,22.6051083333,140.17000,
1036237,113.9980500000,22.6051083333,140.14999,
1036339,113.9980500000,22.6051083333,140.17999,
1036441,113.9980500000,22.6051083333,140.13000,
1036543,113.9980216667,22.6050981667,140.08000,
1036645,113.9980216667,22.6050981667,140.08000,
1036747,113.9980216667,22.6050981667,140.07001,
1036849,113.9980216667,22.6050981667,140.00999,
1036951,113.9980216667,22.6050981667,140.03000,
1037053,113.9980216667,22.6050981667,139.98000,
1037155,113.9980216667,22.6050981667,139.94000,
1037257,113.9980216667,22.6050981667,139.92000,
1037359,113.9980216667,22.6050981667,139.89999,
1037461,113.9980216667,22.6050981667,139.89000,
1037563,113.9979883333,22.6050916667,139.85001,
1037665,113.9979883333,22.6050916667,139.83000,
1037767,113.9979883333,22.6050916667,139.75999,
1037869,113.9979883333,22.6050916667,139.72000,
1037971,113.9979883333,22.6050916667,139.73000,
1038073,113.9979883333,22.6050916667,139.74001,
1038175,113.9979883333,22.6050916667,139.75000,
1038277,113.9979883333,22.6050916667,139.75000,
1038379,113.9979883333,22.6050916667,139.78999,
1038481,113.9979883333,22.6050916667,139.78999,
1038583,113.9979633333,22.6050816667,139.81000,
1038685,113.9979633333,22.6050816667,139.82001,
1038787,113.9979633333,22.6050816667,139.88000,
1038889,113.9979633333,22.6050816667,139.92000,
1038991,113.9979633333,22.6050816667,139.97000,
1039093,113.9979633333,22.6050816667,140.05000,
1039195,113.9979633333,22.6050816667,140.05000,
1039297,113.9979633333,22.6050816667,140.05000,
1039399,113.9979633333,22.6050816667,140.06000,
1039501,113.9979633333,22.6050816667,140.11000,
1039603,113.9979433333,22.6050700000,140.11000,
1039705,113.9979433333,22.6050700000,140.11000,
1039807,113.9979433333,22.6050700000,140.11000,
1039909,113.9979433333,22.6050700000,140.17999,
1040011,113.9979433333,22.6050700000,140.20000,
1040113,113.9979433333,22.6050700000,140.27000,
1040215,113.9979433333,22.6050700000,140.27000,
1040317,113.9979433333,22.6050700000,140.38000,
1040419,113.9979433333,22.6050700000,140.44000,
1040521,113.9979433333,22.6050700000,140.47000,
1040623,113.9979316667,22.6050565000,140.50000,
1040725,113.9979316667,22.6050565000,140.49001,
1040827,113.9979316667,22.6050565000,140.52000,
1040929,113.9979316667,22.6050565000,140.53000,
1041031,113.9979316667,22.6050565000,140.60001,
1041133,113.9979316667,22.6050565000,140.63000,
1041235,113.9979316667,22.6050565000,140.66000,
1041337,113.9979316667,22.6050565000,140.62000,
1041439,113.9979316667,22.6050565000,140.62000,
1041541,113.9979350000,22.6050350000,140.57001,
1041643,113.9979350000,22.6050350000,140.53999,
1041745,113.9979350000,22.6050350000,140.53999,
1041847,113.9979350000,22.6050350000,140.52000,
1041949,113.9979350000,22.6050350000,140.50000,
1042051,113.9979350000,22.6050350000,140.46001,
1042153,113.9979350000,22.6050350000,140.42000,
1042255,113.9979350000,22.6050350000,140.39999,
1042357,113.9979350000,22.6050350000,140.39000,
1042459,113.9979350000,22.6050350000,140.37000,
1042561,113.9979433333,22.6050100000,140.32001,
1042663,113.9979433333,22.6050100000,140.28000,
1042765,113.9979433333,22.6050100000,140.27000,
1042867,113.9979433333,22.6050100000,140.21001,
1042969,113.9979433333,22.6050100000,140.23000,
1043071,113.9979433333,22.6050100000,140.22000,
1043173,113.9979433333,22.6050100000,140.17999,
1043275,113.9979433333,22.6050100000,140.17999,
1043377,113.9979433333,22.6050100000,140.16000,
1043479,113.9979433333,22.6050100000,140.14000,
1043581,113.9979433333,22.6049850000,140.11000,
1043683,113.9979433333,22.6049850000,140.06000,
1043785,113.9979433333,22.6049850000,140.03999,
1043887,113.9979433333,22.6049850000,140.06000,
1043989,113.9979433333,22.6049850000,140.07001,
1044091,113.9979433333,22.6049850000,140.05000,
1044193,113.9979433333,22.6049850000,140.00000,
1044295,113.9979433333,22.6049850000,140.00999,
1044397,113.9979433333,22.6049850000,140.05000,
1044499,113.9979433333,22.6049850000,140.03999,
1044601,113.9979350000,22.6049600000,140.06000,
1044703,113.9979350000,22.6049600000,140.12000,
1044805,113.9979350000,22.6049600000,140.16000,
1044907,113.9979350000,22.6049600000,140.17999,
1045009,113.9979350000,22.6049600000,140.19000,
1045111,113.9979350000,22.6049600000,140.17999,
1045213,113.9979350000,22.6049600000,140.17000,
1045315,113.9979350000,22.6049600000,140.14999,
1045417,113.9979350000,22.6049600000,140.17000,
1045519,113.9979350000,22.6049600000,140.19000,
1045621,113.9979133333,22.6049450000,140.17000,
1045723,113.9979133333,22.6049450000,140.21001,
1045825,113.9979133333,22.6049450000,140.21001,
1045927,113.9979133333,22.6049450000,140.20000,
1046029,113.9979133333,22.6049450000,140.19000,
1046131,113.9979133333,22.6049450000,140.19000,
1046233,113.9979133333,22.6049450000,140.17999,
1046335,113.9979133333,22.6049450000,140.16000,
1046437,113.9979133333,22.6049450000,140.14999,
1046539,113.9978883333,22.6049331667,140.14000,
1046641,113.9978883333,22.6049331667,140.13000,
1046743,113.9978883333,22.6049331667,140.11000,
1046845,113.9978883333,22.6049331667,140.10001,
1046947,113.9978883333,22.6049331667,140.11000,
1047049,113.9978883333,22.6049331667,140.09000,
1047151,113.9978883333,22.6049331667,140.13000,
1047253,113.9978883333,22.6049331667,140.10001,
1047355,113.9978883333,22.6049331667,140.13000,
1047457,113.9978883333,22.6049331667,140.16000,
1047559,113.9978650000,22.6049200000,140.22000,
1047661,113.9978650000,22.6049200000,140.22000,
1047763,113.9978650000,22.6049200000,140.25999,
1047865,113.9978650000,22.6049200000,140.28000,
1047967,113.9978650000,22.6049200000,140.32001,
1048069,113.9978650000,22.6049200000,140.33000,
1048171,113.9978650000,22.6049200000,140.35001,
1048273,113.9978650000,22.6049200000,140.37000,
1048375,113.9978650000,22.6049200000,140.39000,
1048477,113.9978650000,22.6049200000,140.39000,
1048579,113.9978500000,22.6049031667,140.42000,
1048681,113.9978500000,22.6049031667,140.41000,
1048783,113.9978500000,22.6049031667,140.44000,
1048885,113.9978500000,22.6049031667,140.42000,
1048987,113.9978500000,22.6049031667,140.46001,
1049089,113.9978500000,22.6049031667,140.47000,
1049191,113.9978500000,22.6049031667,140.49001,
1049293,113.9978500000,22.6049031667,140.45000,
1049395,113.9978500000,22.6049031667,140.47000,
1049497,113.9978500000,22.6049031667,140.44000,
1049599,113.9978466667,22.6048783333,140.44000,
1049701,113.9978466667,22.6048783333,140.46001,
1049803,113.9978466667,22.6048783333,140.46001,
1049905,113.9978466667,22.6048783333,140.50000,
1050007,113.9978466667,22.6048783333,140.50000,
1050109,113.9978466667,22.6048783333,140.53000,
1050211,113.9978466667,22.6048783333,140.56000,
1050313,113.9978466667,22.6048783333,140.58000,
1050415,113.9978466667,22.6048783333,140.61000,
1050517,113.9978583333,22.6048581667,140.67999,
1050619,113.9978583333,22.6048581667,140.69000,
1050721,113.9978583333,22.6048581667,140.66000,
1050823,113.9978583333,22.6048581667,140.66000,
1050925,113.9978583333,22.6048581667,140.67999,
1051027,113.9978583333,22.6048581667,140.70000,
1051129,113.9978583333,22.6048581667,140.72000,
1051231,113.9978583333,22.6048581667,140.71001,
1051333,113.9978583333,22.6048581667,140.71001,
1051435,113.9978583333,22.6048581667,140.67999,
1051537,113.9978716667,22.6048300000,140.71001,
1051639,113.9978716667,22.6048300000,140.69000,
1051741,113.9978716667,22.6048300000,140.63000,
1051843,113.9978716667,22.6048300000,140.58000,
1051945,113.9978716667,22.6048300000,140.56000,
1052047,113.9978716667,22.6048300000,140.53999,
1052149,113.9978716667,22.6048300000,140.50999,
1052251,113.9978716667,22.6048300000,140.50000,
1052353,113.9978716667,22.6048300000,140.45000,
1052455,113.9978716667,22.6048300000,140.45000,
1052557,113.9978816667,22.6048016667,140.44000,
1052659,113.9978816667,22.6048016667,140.44000,
1052761,113.9978816667,22.6048016667,140.41000,
1052863,113.9978816667,22.6048016667,140.39000,
1052965,113.9978816667,22.6048016667,140.39999,
1053067,113.9978816667,22.6048016667,140.39000,
1053169,113.9978816667,22.6048016667,140.36000,
1053271,113.9978816667,22.6048016667,140.34000,
1053373,113.9978816667,22.6048016667,140.38000,
1053475,113.9978816667,22.6048016667,140.37000,
1053577,113.9978783333,22.6047766667,140.39000,
1053679,113.9978783333,22.6047766667,140.37000,
1053781,113.9978783333,22.6047766667,140.39000,
1053883,113.9978783333,22.6047766667,140.38000,
1053985,113.9978783333,22.6047766667,140.36000,
1054087,113.9978783333,22.6047766667,140.33000,
1054189,113.9978783333,22.6047766667,140.34000,
1054291,113.9978783333,22.6047766667,140.27000,
1054393,113.9978783333,22.6047766667,140.22000,
1054495,113.9978783333,22.6047766667,140.22000,
1054597,113.9978633333,22.6047483333,140.17999,
1054699,113.9978633333,22.6047483333,140.12000,
1054801,113.9978633333,22.6047483333,140.13000,
1054903,113.9978633333,22.6047483333,140.13000,
1055005,113.9978633333,22.6047483333,140.14000,
1055107,113.9978633333,22.6047483333,140.14000,
1055209,113.9978633333,22.6047483333,140.17999,
1055311,113.9978633333,22.6047483333,140.10001,
1055413,113.9978633333,22.6047483333,140.11000,
1055515,113.9978350000,22.6047300000,140.12000,
1055617,113.9978350000,22.6047300000,140.14999,
1055719,113.9978350000,22.6047300000,140.20000,
1055821,113.9978350000,22.6047300000,140.25999,
1055923,113.9978350000,22.6047300000,140.28000,
1056025,113.9978350000,22.6047300000,140.28000,
1056127,113.9978350000,22.6047300000,140.31000,
1056229,113.9978350000,22.6047300000,140.34000,
1056331,113.9978350000,22.6047300000,140.36000,
1056433,113.9978350000,22.6047300000,140.38000,
1056535,113.9978166667,22.6047048333,140.41000,
1056637,113.9978166667,22.6047048333,140.49001,
1056739,113.9978166667,22.6047048333,140.56000,
1056841,113.9978166667,22.6047048333,140.64999,
1056943,113.9978166667,22.6047048333,140.73000,
1057045,113.9978166667,22.6047048333,140.78999,
1057147,113.9978166667,22.6047048333,140.83000,
1057249,113.9978166667,22.6047048333,140.82001,
1057351,113.9978166667,22.6047048333,140.75999,
1057453,113.9978166667,22.6047048333,140.78000,
1057555,113.9978050000,22.6046833333,140.77000,
1057657,113.9978050000,22.6046833333,140.82001,
1057759,113.9978050000,22.6046833333,140.85001,
1057861,113.9978050000,22.6046833333,140.89000,
1057963,113.9978050000,22.6046833333,140.91000,
1058065,113.9978050000,22.6046833333,140.94000,
1058167,113.9978050000,22.6046833333,141.02000,
1058269,113.9978050000,22.6046833333,141.08000,
1058371,113.9978050000,22.6046833333,141.16000,
1058473,113.9978050000,22.6046833333,141.23000,
1058575,113.9978116667,22.6046650000,141.30000,
1058677,113.9978116667,22.6046650000,141.34000,
1058779,113.9978116667,22.6046650000,141.34000,
1058881,113.9978116667,22.6046650000,141.36000,
1058983,113.9978116667,22.6046650000,141.35001,
1059085,113.9978116667,22.6046650000,141.35001,
1059187,113.9978116667,22.6046650000,141.36000,
1059289,113.9978116667,22.6046650000,141.34000,
1059391,113.9978116667,22.6046650000,141.36000,
1059493,113.9978116667,22.6046650000,141.34000,
1059595,113.9978300000,22.6046466667,141.33000,
1059697,113.9978300000,22.6046466667,141.32001,
1059799,113.9978300000,22.6046466667,141.35001,
1059901,113.9978300000,22.6046466667,141.42999,
1060003,113.9978300000,22.6046466667,141.50999,
1060105,113.9978300000,22.6046466667,141.52000,
1060207,113.9978300000,22.6046466667,141.50000,
1060309,113.9978300000,22.6046466667,141.44000,
1060411,113.9978300000,22.6046466667,141.39000,
1060513,113.9978300000,22.6046466667,141.35001,
1060615,113.9978483333,22.6046283333,141.35001,
1060717,113.9978483333,22.6046283333,141.31000,
1060819,113.9978483333,22.6046283333,141.24001,
1060921,113.9978483333,22.6046283333,141.21001,
1061023,113.9978483333,22.6046283333,141.16000,
1061125,113.9978483333,22.6046283333,141.09000,
1061227,113.9978483333,22.6046283333,141.05000,
1061329,113.9978483333,22.6046283333,141.00000,
1061431,113.9978483333,22.6046283333,140.95000,
1061533,113.9978616667,22.6046031667,140.89999,
1061635,113.9978616667,22.6046031667,140.77000,
1061737,113.9978616667,22.6046031667,140.67999,
1061839,113.9978616667,22.6046031667,140.64000,
1061941,113.9978616667,22.6046031667,140.60001,
1062043,113.9978616667,22.6046031667,140.53999,
1062145,113.9978616667,22.6046031667,140.47000,
1062247,113.9978616667,22.6046031667,140.41000,
1062349,113.9978616667,22.6046031667,140.39000,
1062451,113.9978616667,22.6046031667,140.36000,
1062553,113.9978550000,22.6045783333,140.37000,
1062655,113.9978550000,22.6045783333,140.41000,
1062757,113.9978550000,22.6045783333,140.44000,
1062859,113.9978550000,22.6045783333,140.42000,
1062961,113.9978550000,22.6045783333,140.39999,
1063063,113.9978550000,22.6045783333,140.41000,
1063165,113.9978550000,22.6045783333,140.37000,
1063267,113.9978550000,22.6045783333,140.36000,
1063369,113.9978550000,22.6045783333,140.39000,
1063471,113.9978550000,22.6045783333,140.39000,
1063573,113.9978366667,22.6045566667,140.36000,
1063675,113.9978366667,22.6045566667,140.30000,
1063777,113.9978366667,22.6045566667,140.28999,
1063879,113.9978366667,22.6045566667,140.27000,
1063981,113.9978366667,22.6045566667,140.23000,
1064083,113.9978366667,22.6045566667,140.22000,
1064185,113.9978366667,22.6045566667,140.20000,
1064287,113.9978366667,22.6045566667,140.25000,
1064389,113.9978366667,22.6045566667,140.27000,
1064491,113.9978366667,22.6045566667,140.25999,
1064593,113.9978100000,22.6045431667,140.28999,
1064695,113.9978100000,22.6045431667,140.28999,
1064797,113.9978100000,22.6045431667,140.34000,
1064899,113.9978100000,22.6045431667,140.34000,
1065001,113.9978100000,22.6045431667,140.39000,
1065103,113.9978100000,22.6045431667,140.42999,
1065205,113.9978100000,22.6045431667,140.45000,
1065307,113.9978100000,22.6045431667,140.45000,
1065409,113.9978100000,22.6045431667,140.44000,
1065511,113.9977916667,22.6045248333,140.46001,
1065613,113.9977916667,22.6045248333,140.48000,
1065715,113.9977916667,22.6045248333,140.50000,
1065817,113.9977916667,22.6045248333,140.55000,
1065919,113.9977916667,22.6045248333,140.58000,
1066021,113.9977916667,22.6045248333,140.63000,
1066123,113.9977916667,22.6045248333,140.67999,
1066225,113.9977916667,22.6045248333,140.72000,
1066327,113.9977916667,22.6045248333,140.77000,
1066429,113.9977916667,22.6045248333,140.85001,
1066531,113.9977833333,22.6045083333,140.99001,
1066633,113.9977833333,22.6045083333,141.05000,
1066735,113.9977833333,22.6045083333,141.17000,
1066837,113.9977833333,22.6045083333,141.23000,
1066939,113.9977833333,22.6045083333,141.25000,
1067041,113.9977833333,22.6045083333,141.23000,
1067143,113.9977833333,22.6045083333,141.34000,
1067245,113.9977833333,22.6045083333,141.42999,
1067347,113.9977833333,22.6045083333,141.42000,
1067449,113.9977833333,22.6045083333,141.49001,
1067551,113.9977933333,22.6044966667,141.55000,
1067653,113.9977933333,22.6044966667,141.52000,
1067755,113.9977933333,22.6044966667,141.53000,
1067857,113.9977933333,22.6044966667,141.49001,
1067959,113.9977933333,22.6044966667,141.46001,
1068061,113.9977933333,22.6044966667,141.47000,
1068163,113.9977933333,22.6044966667,141.53000,
1068265,113.9977933333,22.6044966667,141.53999,
1068367,113.9977933333,22.6044966667,141.52000,
1068469,113.9977933333,22.6044966667,141.42999,
1068571,113.9978116667,22.6044831667,141.36000,
1068673,113.9978116667,22.6044831667,141.36000,
1068775,113.9978116667,22.6044831667,141.20000,
1068877,113.9978116667,22.6044831667,141.17000,
1068979,113.9978116667,22.6044831667,141.23000,
1069081,113.9978116667,22.6044831667,141.25000,
1069183,113.9978116667,22.6044831667,141.28000,
1069285,113.9978116667,22.6044831667,141.28000,
1069387,113.9978116667,22.6044831667,141.25000,
1069489,113.9978116667,22.6044831667,141.25999,
1069693,113.9978316667,22.6044648333,141.27000,
1069795,113.9978316667,22.6044648333,141.27000,
1069897,113.9978316667,22.6044648333,141.25999,
1069999,113.9978316667,22.6044648333,141.25000,
1070101,113.9978316667,22.6044648333,141.17000,
1070203,113.9978316667,22.6044648333,141.17000,
1070305,113.9978316667,22.6044648333,141.12000,
1070509,113.9978316667,22.6044648333,140.95000,
1070611,113.9978450000,22.6044400000,140.92000,
1070713,113.9978450000,22.6044400000,140.88000,
1070815,113.9978450000,22.6044400000,140.87000,
1070917,113.9978450000,22.6044400000,140.86000,
1071019,113.9978450000,22.6044400000,140.97000,
1071121,113.9978450000,22.6044400000,141.02000,
1071223,113.9978450000,22.6044400000,140.97000,
1071325,113.9978450000,22.6044400000,140.92000,
1071427,113.9978450000,22.6044400000,140.89000,
1071529,113.9978333333,22.6044150000,140.87000,
1071835,113.9978333333,22.6044150000,140.85001,
1071937,113.9978333333,22.6044150000,140.82001,
1072039,113.9978333333,22.6044150000,140.78999,
1072141,113.9978333333,22.6044150000,140.77000,
1072243,113.9978333333,22.6044150000,140.70000,
1072345,113.9978333333,22.6044150000,140.67000,
1072447,113.9978333333,22.6044150000,140.67000,
1072549,113.9978133333,22.6043966667,140.66000,
1072651,113.9978133333,22.6043966667,140.64999,
1072753,113.9978133333,22.6043966667,140.64999,
1072855,113.9978133333,22.6043966667,140.64999,
1072957,113.9978133333,22.6043966667,140.66000,
1073059,113.9978133333,22.6043966667,140.67000,
1073161,113.9978133333,22.6043966667,140.61000,
1073263,113.9978133333,22.6043966667,140.60001,
1073365,113.9978133333,22.6043966667,140.57001,
1073467,113.9978133333,22.6043966667,140.53000,
1073569,113.9977916667,22.6043748333,140.56000,
1073671,113.9977916667,22.6043748333,140.53999,
1073773,113.9977916667,22.6043748333,140.57001,
1073875,113.9977916667,22.6043748333,140.59000,
1073977,113.9977916667,22.6043748333,140.57001,
1074079,113.9977916667,22.6043748333,140.59000,
1074181,113.9977916667,22.6043748333,140.53999,
1074283,113.9977916667,22.6043748333,140.60001,
1074385,113.9977916667,22.6043748333,140.60001,
1074487,113.9977916667,22.6043748333,140.66000,
1074589,113.9977750000,22.6043516667,140.69000,
1074691,113.9977750000,22.6043516667,140.72000,
1074793,113.9977750000,22.6043516667,140.73000,
1074895,113.9977750000,22.6043516667,140.75999,
1074997,113.9977750000,22.6043516667,140.78000,
1075099,113.9977750000,22.6043516667,140.78000,
1075201,113.9977750000,22.6043516667,140.80000,
1075303,113.9977750000,22.6043516667,140.84000,
1075405,113.9977750000,22.6043516667,140.89000,
1075507,113.9977750000,22.6043516667,140.91000,
1075609,113.9977666667,22.6043266667,140.88000,
1075711,113.9977666667,22.6043266667,140.87000,
1075813,113.9977666667,22.6043266667,140.91000,
1075915,113.9977666667,22.6043266667,140.95000,
1076017,113.9977666667,22.6043266667,140.97000,
1076119,113.9977666667,22.6043266667,141.00000,
1076221,113.9977666667,22.6043266667,140.97000,
1076323,113.9977666667,22.6043266667,140.99001,
1076425,113.9977666667,22.6043266667,140.98000,
1076527,113.9977716667,22.6043033333,140.95000,
1076629,113.9977716667,22.6043033333,140.92000,
1076731,113.9977716667,22.6043033333,140.88000,
1076833,113.9977716667,22.6043033333,140.78000,
1076935,113.9977716667,22.6043033333,140.72000,
1077037,113.9977716667,22.6043033333,140.67999,
1077139,113.9977716667,22.6043033333,140.67000,
1077241,113.9977716667,22.6043033333,140.63000,
1077343,113.9977716667,22.6043033333,140.64000,
1077445,113.9977716667,22.6043033333,140.67999,
1077547,113.9977916667,22.6042816667,140.67999,
1077649,113.9977916667,22.6042816667,140.72000,
1077751,113.9977916667,22.6042816667,140.77000,
1077853,113.9977916667,22.6042816667,140.84000,
1077955,113.9977916667,22.6042816667,140.94000,
1078057,113.9977916667,22.6042816667,140.98000,
1078159,113.9977916667,22.6042816667,140.99001,
1078261,113.9977916667,22.6042816667,140.97000,
1078363,113.9977916667,22.6042816667,140.92000,
1078465,113.9977916667,22.6042816667,140.95000,
1078567,113.9978083333,22.6042533333,140.95000,
1078669,113.9978083333,22.6042533333,140.89000,
1078771,113.9978083333,22.6042533333,140.85001,
1078873,113.9978083333,22.6042533333,140.83000,
1078975,113.9978083333,22.6042533333,140.75999,
1079077,113.9978083333,22.6042533333,140.71001,
1079179,113.9978083333,22.6042533333,140.69000,
1079281,113.9978083333,22.6042533333,140.64999,
1079383,113.9978083333,22.6042533333,140.60001,
1079485,113.9978083333,22.6042533333,140.56000,
1079587,113.9978216667,22.6042248333,140.53000,
1079689,113.9978216667,22.6042248333,140.49001,
1079791,113.9978216667,22.6042248333,140.48000,
1079893,113.9978216667,22.6042248333,140.48000,
1079995,113.9978216667,22.6042248333,140.49001,
1080097,113.9978216667,22.6042248333,140.48000,
1080199,113.9978216667,22.6042248333,140.50999,
1080301,113.9978216667,22.6042248333,140.50000,
1080403,113.9978216667,22.6042248333,140.52000,
1080505,113.9978233333,22.6042000000,140.53999,
1080607,113.9978233333,22.6042000000,140.57001,
1080709,113.9978233333,22.6042000000,140.59000,
1080811,113.9978233333,22.6042000000,140.57001,
1080913,113.9978233333,22.6042000000,140.56000,
1081015,113.9978233333,22.6042000000,140.53999,
1081117,113.9978233333,22.6042000000,140.52000,
1081219,113.9978233333,22.6042000000,140.50999,
1081321,113.9978233333,22.6042000000,140.50999,
1081423,113.9978233333,22.6042000000,140.56000,
1081627,113.9978133333,22.6041765000,140.57001,
1081729,113.9978133333,22.6041765000,140.60001,
1081831,113.9978133333,22.6041765000,140.59000,
1081933,113.9978133333,22.6041765000,140.59000,
1082035,113.9978133333,22.6041765000,140.57001,
1082137,113.9978133333,22.6041765000,140.57001,
1082239,113.9978133333,22.6041765000,140.55000,
1082341,113.9978133333,22.6041765000,140.50000,
1082443,113.9978133333,22.6041765000,140.50000,
1082545,113.9978000000,22.6041498333,140.50999,
1082647,113.9978000000,22.6041498333,140.49001,
1082749,113.9978000000,22.6041498333,140.49001,
1082851,113.9978000000,22.6041498333,140.52000,
1083055,113.9978000000,22.6041498333,140.57001,
1083157,113.9978000000,22.6041498333,140.60001,
1083259,113.9978000000,22.6041498333,140.58000,
1083361,113.9978000000,22.6041498333,140.62000,
1083463,113.9978000000,22.6041498333,140.63000,
1083565,113.9977883333,22.6041198333,140.63000,
1083667,113.9977883333,22.6041198333,140.67999,
1083769,113.9977883333,22.6041198333,140.66000,
1083871,113.9977883333,22.6041198333,140.71001,
1083973,113.9977883333,22.6041198333,140.77000,
1084075,113.9977883333,22.6041198333,140.81000,
1084177,113.9977883333,22.6041198333,140.92999,
1084279,113.9977883333,22.6041198333,141.00999,
1084381,113.9977883333,22.6041198333,141.05000,
1084483,113.9977883333,22.6041198333,141.03000,
1084585,113.9977900000,22.6040983333,141.00000,
1084687,113.9977900000,22.6040983333,140.99001,
1084789,113.9977900000,22.6040983333,140.99001,
1084891,113.9977900000,22.6040983333,140.98000,
1084993,113.9977900000,22.6040983333,141.00999,
1085095,113.9977900000,22.6040983333,141.03999,
1085197,113.9977900000,22.6040983333,141.02000,
1085299,113.9977900000,22.6040983333,141.03999,
1085401,113.9977900000,22.6040983333,141.09000,
1085503,113.9978066667,22.6040800000,141.17000,
1085605,113.9978066667,22.6040800000,141.19000,
1085707,113.9978066667,22.6040800000,141.22000,
1085809,113.9978066667,22.6040800000,141.25000,
1085911,113.9978066667,22.6040800000,141.22000,
1086013,113.9978066667,22.6040800000,141.22000,
1086115,113.9978066667,22.6040800000,141.19000,
1086217,113.9978066667,22.6040800000,141.17999,
1086319,113.9978066667,22.6040800000,141.17999,
1086421,113.9978066667,22.6040800000,141.19000,
1086523,113.9978300000,22.6040598333,141.19000,
1086625,113.9978300000,22.6040598333,141.19000,
1086829,113.9978300000,22.6040598333,141.17000,
1087033,113.9978300000,22.6040598333,141.16000,
1087135,113.9978300000,22.6040598333,141.17999,
1087237,113.9978300000,22.6040598333,141.17999,
1087339,113.9978300000,22.6040598333,141.19000,
1087441,113.9978300000,22.6040598333,141.21001,
1087543,113.9978516667,22.6040383333,141.14999,
1087645,113.9978516667,22.6040383333,141.14999,
1087747,113.9978516667,22.6040383333,141.16000,
1087849,113.9978516667,22.6040383333,141.20000,
1087951,113.9978516667,22.6040383333,141.17000,
1088053,113.9978516667,22.6040383333,141.20000,
1088155,113.9978516667,22.6040383333,141.24001,
1088257,113.9978516667,22.6040383333,141.24001,
1088359,113.9978516667,22.6040383333,141.25000,
1088461,113.9978516667,22.6040383333,141.23000,
1088563,113.9978666667,22.6040133333,141.16000,
1088665,113.9978666667,22.6040133333,141.10001,
1088767,113.9978666667,22.6040133333,141.07001,
1088869,113.9978666667,22.6040133333,141.06000,
1088971,113.9978666667,22.6040133333,141.03999,
1089073,113.9978666667,22.6040133333,141.03000,
1089175,113.9978666667,22.6040133333,141.03999,
1089277,113.9978666667,22.6040133333,141.05000,
1089379,113.9978666667,22.6040133333,141.03999,
1089481,113.9978683333,22.6039916667,141.00999,
1089583,113.9978683333,22.6039916667,140.99001,
1089685,113.9978683333,22.6039916667,140.99001,
1089787,113.9978683333,22.6039916667,140.99001,
1089889,113.9978683333,22.6039916667,141.00999,
1089991,113.9978683333,22.6039916667,140.96001,
1090195,113.9978683333,22.6039916667,140.96001,
1090297,113.9978683333,22.6039916667,140.92999,
1090399,113.9978683333,22.6039916667,140.92999,
1090501,113.9978600000,22.6039683333,140.92000,
1090603,113.9978600000,22.6039683333,140.92000,
1090705,113.9978600000,22.6039683333,140.92000,
1090807,113.9978600000,22.6039683333,140.92000,
1090909,113.9978600000,22.6039683333,140.91000,
1091011,113.9978600000,22.6039683333,140.89999,
1091113,113.9978600000,22.6039683333,140.89999,
1091215,113.9978600000,22.6039683333,140.87000,
1091317,113.9978600000,22.6039683333,140.91000,
1091419,113.9978600000,22.6039683333,140.92999,
1091521,113.9978516667,22.6039466667,140.91000,
1091623,113.9978516667,22.6039466667,140.95000,
1091725,113.9978516667,22.6039466667,140.92999,
1091827,113.9978516667,22.6039466667,140.95000,
1091929,113.9978516667,22.6039466667,140.91000,
1092031,113.9978516667,22.6039466667,140.89999,
1092133,113.9978516667,22.6039466667,140.89000,
1092235,113.9978516667,22.6039466667,140.89000,
1092337,113.9978516667,22.6039466667,140.88000,
1092439,113.9978516667,22.6039466667,140.88000,
1092541,113.9978516667,22.6039215000,140.86000,
1092643,113.9978516667,22.6039215000,140.85001,
1092745,113.9978516667,22.6039215000,140.78999,
1092847,113.9978516667,22.6039215000,140.75999,
1092949,113.9978516667,22.6039215000,140.72000,
1093051,113.9978516667,22.6039215000,140.69000,
1093153,113.9978516667,22.6039215000,140.67999,
1093255,113.9978516667,22.6039215000,140.67000,
1093357,113.9978516667,22.6039215000,140.71001,
1093459,113.9978516667,22.6039215000,140.73000,
1093561,113.9978616667,22.6039016667,140.75000,
1093663,113.9978616667,22.6039016667,140.75999,
1093765,113.9978616667,22.6039016667,140.75999,
1093867,113.9978616667,22.6039016667,140.75000,
1093969,113.9978616667,22.6039016667,140.67999,
1094071,113.9978616667,22.6039016667,140.64000,
1094173,113.9978616667,22.6039016667,140.66000,
1094275,113.9978616667,22.6039016667,140.67000,
1094377,113.9978616667,22.6039016667,140.64999,
1094479,113.9978616667,22.6039016667,140.67000,
1094581,113.9978766667,22.6038850000,140.64999,
1094683,113.9978766667,22.6038850000,140.64000,
1094785,113.9978766667,22.6038850000,140.71001,
1094887,113.9978766667,22.6038850000,140.73000,
1094989,113.9978766667,22.6038850000,140.74001,
1095091,113.9978766667,22.6038850000,140.82001,
1095193,113.9978766667,22.6038850000,140.84000,
1095295,113.9978766667,22.6038850000,140.86000,
1095397,113.9978766667,22.6038850000,140.87000,
1095499,113.9979033333,22.6038783333,140.89000,
1095601,113.9979033333,22.6038783333,140.94000,
1095703,113.9979033333,22.6038783333,140.92999,
1095805,113.9979033333,22.6038783333,140.98000,
1095907,113.9979033333,22.6038783333,140.98000,
1096009,113.9979033333,22.6038783333,141.00999,
1096111,113.9979033333,22.6038783333,141.02000,
1096213,113.9979033333,22.6038783333,141.09000,
1096315,113.9979033333,22.6038783333,141.08000,
1096417,113.9979033333,22.6038783333,141.13000,
1096519,113.9979300000,22.6038615000,141.12000,
1096621,113.9979300000,22.6038615000,141.14000,
1096723,113.9979300000,22.6038615000,141.14999,
1096825,113.9979300000,22.6038615000,141.14999,
1096927,113.9979300000,22.6038615000,141.14000,
1097029,113.9979300000,22.6038615000,141.14999,
1097131,113.9979300000,22.6038615000,141.12000,
1097233,113.9979300000,22.6038615000,141.16000,
1097335,113.9979300000,22.6038615000,141.16000,
1097437,113.9979300000,22.6038615000,141.19000,
1097539,113.9979500000,22.6038400000,141.23000,
1097641,113.9979500000,22.6038400000,141.23000,
1097743,113.9979500000,22.6038400000,141.22000,
1097947,113.9979500000,22.6038400000,141.25999,
1098049,113.9979500000,22.6038400000,141.27000,
1098151,113.9979500000,22.6038400000,141.31000,
1098253,113.9979500000,22.6038400000,141.34000,
1098355,113.9979500000,22.6038400000,141.37000,
1098457,113.9979500000,22.6038400000,141.38000,
1098559,113.9979633333,22.6038100000,141.42999,
1098661,113.9979633333,22.6038100000,141.46001,
1098763,113.9979633333,22.6038100000,141.52000,
1098865,113.9979633333,22.6038100000,141.50000,
1098967,113.9979633333,22.6038100000,141.52000,
1099069,113.9979633333,22.6038100000,141.47000,
1099171,113.9979633333,22.6038100000,141.44000,
1099273,113.9979633333,22.6038100000,141.44000,
1099375,113.9979633333,22.6038100000,141.48000,
1099477,113.9979633333,22.6038100000,141.49001,
1099579,113.9979700000,22.6037800000,141.50000,
1099681,113.9979700000,22.6037800000,141.50000,
1099783,113.9979700000,22.6037800000,141.50000,
1099885,113.9979700000,22.6037800000,141.49001,
1099987,113.9979700000,22.6037800000,141.49001,
1100089,113.9979700000,22.6037800000,141.47000,
1100191,113.9979700000,22.6037800000,141.46001,
1100293,113.9979700000,22.6037800000,141.47000,
1100395,113.9979700000,22.6037800000,141.46001,
1100497,113.9979833333,22.6037550000,141.50000,
1100599,113.9979833333,22.6037550000,141.50999,
1100701,113.9979833333,22.6037550000,141.46001,
1100803,113.9979833333,22.6037550000,141.42999,
1100905,113.9979833333,22.6037550000,141.41000,
1101007,113.9979833333,22.6037550000,141.39999,
1101109,113.9979833333,22.6037550000,141.38000,
1101211,113.9979833333,22.6037550000,141.36000,
1101313,113.9979833333,22.6037550000,141.34000,
1101415,113.9979833333,22.6037550000,141.30000,
1101517,113.9979983333,22.6037333333,141.31000,
1101619,113.9979983333,22.6037333333,141.31000,
1101721,113.9979983333,22.6037333333,141.24001,
1101823,113.9979983333,22.6037333333,141.28999,
1101925,113.9979983333,22.6037333333,141.25999,
1102027,113.9979983333,22.6037333333,141.24001,
1102129,113.9979983333,22.6037333333,141.20000,
1102231,113.9979983333,22.6037333333,141.22000,
1102333,113.9979983333,22.6037333333,141.17000,
1102435,113.9979983333,22.6037333333,141.19000,
1102537,113.9980183333,22.6037233333,141.22000,
1102639,113.9980183333,22.6037233333,141.19000,
1102741,113.9980183333,22.6037233333,141.17999,
1102843,113.9980183333,22.6037233333,141.17999,
1102945,113.9980183333,22.6037233333,141.17999,
1103047,113.9980183333,22.6037233333,141.19000,
1103149,113.9980183333,22.6037233333,141.16000,
1103251,113.9980183333,22.6037233333,141.19000,
1103353,113.9980183333,22.6037233333,141.16000,
1103455,113.9980183333,22.6037233333,141.16000,
1103557,113.9980433333,22.6037200000,141.19000,
1103659,113.9980433333,22.6037200000,141.17000,
1103761,113.9980433333,22.6037200000,141.14999,
1103863,113.9980433333,22.6037200000,141.10001,
1103965,113.9980433333,22.6037200000,141.08000,
1104067,113.9980433333,22.6037200000,141.09000,
1104169,113.9980433333,22.6037200000,141.09000,
1104271,113.9980433333,22.6037200000,141.07001,
1104373,113.9980433333,22.6037200000,141.10001,
1104475,113.9980433333,22.6037200000,141.13000,
1104577,113.9980766667,22.6037333333,141.12000,
1104679,113.9980766667,22.6037333333,141.14999,
1104781,113.9980766667,22.6037333333,141.16000,
1104883,113.9980766667,22.6037333333,141.19000,
1104985,113.9980766667,22.6037333333,141.20000,
1105087,113.9980766667,22.6037333333,141.23000,
1105189,113.9980766667,22.6037333333,141.25000,
1105291,113.9980766667,22.6037333333,141.28999,
1105393,113.9980766667,22.6037333333,141.32001,
1105495,113.9981100000,22.6037400000,141.32001,
1105597,113.9981100000,22.6037400000,141.32001,
1105699,113.9981100000,22.6037400000,141.34000,
1105801,113.9981100000,22.6037400000,141.35001,
1105903,113.9981100000,22.6037400000,141.37000,
1106005,113.9981100000,22.6037400000,141.38000,
1106107,113.9981100000,22.6037400000,141.37000,
1106209,113.9981100000,22.6037400000,141.39000,
1106311,113.9981100000,22.6037400000,141.39999,
1106413,113.9981100000,22.6037400000,141.38000,
1106515,113.9981500000,22.6037400000,141.39999,
1106617,113.9981500000,22.6037400000,141.39999,
1106719,113.9981500000,22.6037400000,141.34000,
1106821,113.9981500000,22.6037400000,141.32001,
1106923,113.9981500000,22.6037400000,141.28999,
1107025,113.9981500000,22.6037400000,141.25999,
1107127,113.9981500000,22.6037400000,141.23000,
1107229,113.9981500000,22.6037400000,141.23000,
1107331,113.9981500000,22.6037400000,141.20000,
1107433,113.9981500000,22.6037400000,141.19000,
1107535,113.9981833333,22.6037283333,141.16000,
1107637,113.9981833333,22.6037283333,141.16000,
1107739,113.9981833333,22.6037283333,141.13000,
1107841,113.9981833333,22.6037283333,141.11000,
1107943,113.9981833333,22.6037283333,141.10001,
1108045,113.9981833333,22.6037283333,141.10001,
1108147,113.9981833333,22.6037283333,141.07001,
1108249,113.9981833333,22.6037283333,141.08000,
1108351,113.9981833333,22.6037283333,141.08000,
1108453,113.9981833333,22.6037283333,141.11000,
1108555,113.9982133333,22.6037066667,141.11000,
1108657,113.9982133333,22.6037066667,141.07001,
1108759,113.9982133333,22.6037066667,141.07001,
1108861,113.9982133333,22.6037066667,141.10001,
1108963,113.9982133333,22.6037066667,141.09000,
1109065,113.9982133333,22.6037066667,141.14000,
1109167,113.9982133333,22.6037066667,141.14000,
1109269,113.9982133333,22.6037066667,141.20000,
1109371,113.9982133333,22.6037066667,141.24001,
1109473,113.9982133333,22.6037066667,141.28999,
1109575,113.9982450000,22.6036950000,141.30000,
1109677,113.9982450000,22.6036950000,141.31000,
1109779,113.9982450000,22.6036950000,141.33000,
1109881,113.9982450000,22.6036950000,141.33000,
1109983,113.9982450000,22.6036950000,141.33000,
1110085,113.9982450000,22.6036950000,141.33000,
1110187,113.9982450000,22.6036950000,141.33000,
1110289,113.9982450000,22.6036950000,141.34000,
1110391,113.9982450000,22.6036950000,141.35001,
1110493,113.9982450000,22.6036950000,141.39000,
1110595,113.9982766667,22.6036900000,141.37000,
1110697,113.9982766667,22.6036900000,141.39000,
1110799,113.9982766667,22.6036900000,141.37000,
1110901,113.9982766667,22.6036900000,141.39000,
1111003,113.9982766667,22.6036900000,141.39000,
1111105,113.9982766667,22.6036900000,141.38000,
1111207,113.9982766667,22.6036900000,141.38000,
1111309,113.9982766667,22.6036900000,141.37000,
1111411,113.9982766667,22.6036900000,141.34000,
1111513,113.9983066667,22.6036933333,141.33000,
1111615,113.9983066667,22.6036933333,141.28000,
1111717,113.9983066667,22.6036933333,141.25999,
1111819,113.9983066667,22.6036933333,141.23000,
1111921,113.9983066667,22.6036933333,141.21001,
1112023,113.9983066667,22.6036933333,141.20000,
1112125,113.9983066667,22.6036933333,141.21001,
1112227,113.9983066667,22.6036933333,141.21001,
1112329,113.9983066667,22.6036933333,141.14999,
1112431,113.9983066667,22.6036933333,141.14999,
1112533,113.9983400000,22.6037133333,141.14000,
1112635,113.9983400000,22.6037133333,141.12000,
1112737,113.9983400000,22.6037133333,141.12000,
1112839,113.9983400000,22.6037133333,141.14999,
1112941,113.9983400000,22.6037133333,141.12000,
1113043,113.9983400000,22.6037133333,141.12000,
1113145,113.9983400000,22.6037133333,141.12000,
1113247,113.9983400000,22.6037133333,141.10001,
1113349,113.9983400000,22.6037133333,141.14000,
1113451,113.9983400000,22.6037133333,141.14000,
1113553,113.9983683333,22.6037400000,141.16000,
1113757,113.9983683333,22.6037400000,141.21001,
1113859,113.9983683333,22.6037400000,141.21001,
1113961,113.9983683333,22.6037400000,141.22000,
1114063,113.9983683333,22.6037400000,141.21001,
1114165,113.9983683333,22.6037400000,141.30000,
1114267,113.9983683333,22.6037400000,141.35001,
1114369,113.9983683333,22.6037400000,141.39999,
1114471,113.9983683333,22.6037400000,141.45000,
1114573,113.9983950000,22.6037616667,141.50999,
1114675,113.9983950000,22.6037616667,141.48000,
1114777,113.9983950000,22.6037616667,141.49001,
1114879,113.9983950000,22.6037616667,141.46001,
1114981,113.9983950000,22.6037616667,141.42000,
1115083,113.9983950000,22.6037616667,141.39999,
1115185,113.9983950000,22.6037616667,141.39000,
1115287,113.9983950000,22.6037616667,141.38000,
1115389,113.9983950000,22.6037616667,141.38000,
1115491,113.9983950000,22.6037616667,141.36000,
1115593,113.9984266667,22.6037766667,141.42000,
1115695,113.9984266667,22.6037766667,141.45000,
1115797,113.9984266667,22.6037766667,141.44000,
1115899,113.9984266667,22.6037766667,141.47000,
1116001,113.9984266667,22.6037766667,141.48000,
1116103,113.9984266667,22.6037766667,141.50000,
1116205,113.9984266667,22.6037766667,141.47000,
1116307,113.9984266667,22.6037766667,141.48000,
1116409,113.9984266667,22.6037766667,141.50999,
1116511,113.9984633333,22.6037850000,141.45000,
1116613,113.9984633333,22.6037850000,141.42999,
1116715,113.9984633333,22.6037850000,141.45000,
1116817,113.9984633333,22.6037850000,141.50000,
1116919,113.9984633333,22.6037850000,141.50000,
1117021,113.9984633333,22.6037850000,141.53999,
1117123,113.9984633333,22.6037850000,141.55000,
1117225,113.9984633333,22.6037850000,141.57001,
1117327,113.9984633333,22.6037850000,141.57001,
1117429,113.9984633333,22.6037850000,141.55000,
1117531,113.9985016667,22.6037900000,141.53999,
1117633,113.9985016667,22.6037900000,141.53000,
1117735,113.9985016667,22.6037900000,141.53999,
1117837,113.9985016667,22.6037900000,141.53000,
1117939,113.9985016667,22.6037900000,141.53000,
1118041,113.9985016667,22.6037900000,141.53999,
1118143,113.9985016667,22.6037900000,141.60001,
1118245,113.9985016667,22.6037900000,141.63000,
1118347,113.9985016667,22.6037900000,141.67000,
1118449,113.9985016667,22.6037900000,141.71001,
1118551,113.9985383333,22.6037983333,141.78000,
1118653,113.9985383333,22.6037983333,141.80000,
1118755,113.9985383333,22.6037983333,141.80000,
1118857,113.9985383333,22.6037983333,141.82001,
1118959,113.9985383333,22.6037983333,141.78000,
1119061,113.9985383333,22.6037983333,141.78000,
1119163,113.9985383333,22.6037983333,141.74001,
1119265,113.9985383333,22.6037983333,141.73000,
1119367,113.9985383333,22.6037983333,141.77000,
1119469,113.9985383333,22.6037983333,141.69000,
1119571,113.9985700000,22.6038116667,141.71001,
1119673,113.9985700000,22.6038116667,141.71001,
1119775,113.9985700000,22.6038116667,141.72000,
1119877,113.9985700000,22.6038116667,141.74001,
1119979,113.9985700000,22.6038116667,141.70000,
1120081,113.9985700000,22.6038116667,141.69000,
1120183,113.9985700000,22.6038116667,141.64999,
1120285,113.9985700000,22.6038116667,141.61000,
1120387,113.9985700000,22.6038116667,141.53000,
1120489,113.9986016667,22.6038283333,141.49001,
1120591,113.9986016667,22.6038283333,141.42999,
1120693,113.9986016667,22.6038283333,141.39000,
1120795,113.9986016667,22.6038283333,141.36000,
1120897,113.9986016667,22.6038283333,141.34000,
1120999,113.9986016667,22.6038283333,141.31000,
1121101,113.9986016667,22.6038283333,141.30000,
1121203,113.9986016667,22.6038283333,141.33000,
1121305,113.9986016667,22.6038283333,141.35001,
1121407,113.9986016667,22.6038283333,141.35001,
1121509,113.9986233333,22.6038550000,141.39000,
1121611,113.9986233333,22.6038550000,141.39000,
1121713,113.9986233333,22.6038550000,141.38000,
1121815,113.9986233333,22.6038550000,141.34000,
1121917,113.9986233333,22.6038550000,141.35001,
1122019,113.9986233333,22.6038550000,141.37000,
1122121,113.9986233333,22.6038550000,141.38000,
1122223,113.9986233333,22.6038550000,141.37000,
1122325,113.9986233333,22.6038550000,141.41000,
1122427,113.9986233333,22.6038550000,141.42999,
1122529,113.9986366667,22.6038850000,141.39999,
1122631,113.9986366667,22.6038850000,141.39999,
1122733,113.9986366667,22.6038850000,141.42999,
1122835,113.9986366667,22.6038850000,141.45000,
1122937,113.9986366667,22.6038850000,141.45000,
1123039,113.9986366667,22.6038850000,141.46001,
1123141,113.9986366667,22.6038850000,141.46001,
1123243,113.9986366667,22.6038850000,141.49001,
1123345,113.9986366667,22.6038850000,141.49001,
1123447,113.9986366667,22.6038850000,141.50000,
1123549,113.9986450000,22.6039183333,141.50000,
1123651,113.9986450000,22.6039183333,141.50999,
1123753,113.9986450000,22.6039183333,141.53999,
1123855,113.9986450000,22.6039183333,141.53000,
1123957,113.9986450000,22.6039183333,141.58000,
1124059,113.9986450000,22.6039183333,141.53999,
1124161,113.9986450000,22.6039183333,141.53999,
1124263,113.9986450000,22.6039183333,141.53000,
1124365,113.9986450000,22.6039183333,141.50000,
1124467,113.9986450000,22.6039183333,141.50000,
1124569,113.9986533333,22.6039583333,141.48000,
1124671,113.9986533333,22.6039583333,141.50000,
1124773,113.9986533333,22.6039583333,141.48000,
1124875,113.9986533333,22.6039583333,141.49001,
1124977,113.9986533333,22.6039583333,141.49001,
1125079,113.9986533333,22.6039583333,141.47000,
1125181,113.9986533333,22.6039583333,141.46001,
1125283,113.9986533333,22.6039583333,141.46001,
1125385,113.9986533333,22.6039583333,141.46001,
1125487,113.9986550000,22.6039998333,141.42000,
1125589,113.9986550000,22.6039998333,141.45000,
1125691,113.9986550000,22.6039998333,141.45000,
1125793,113.9986550000,22.6039998333,141.48000,
1125895,113.9986550000,22.6039998333,141.48000,
1125997,113.9986550000,22.6039998333,141.47000,
1126099,113.9986550000,22.6039998333,141.44000,
1126201,113.9986550000,22.6039998333,141.39000,
1126303,113.9986550000,22.6039998333,141.39000,
1126405,113.9986550000,22.6039998333,141.37000,
1126507,113.9986566667,22.6040433333,141.31000,
1126609,113.9986566667,22.6040433333,141.31000,
1126711,113.9986566667,22.6040433333,141.31000,
1126813,113.9986566667,22.6040433333,141.36000,
1126915,113.9986566667,22.6040433333,141.33000,
1127017,113.9986566667,22.6040433333,141.31000,
1127119,113.9986566667,22.6040433333,141.28000,
1127221,113.9986566667,22.6040433333,141.28000,
1127323,113.9986566667,22.6040433333,141.28000,
1127425,113.9986566667,22.6040433333,141.24001,
1127527,113.9986600000,22.6040883333,141.23000,
1127629,113.9986600000,22.6040883333,141.24001,
1127731,113.9986600000,22.6040883333,141.21001,
1127833,113.9986600000,22.6040883333,141.21001,
1127935,113.9986600000,22.6040883333,141.20000,
1128037,113.9986600000,22.6040883333,141.17999,
1128139,113.9986600000,22.6040883333,141.14999,
1128241,113.9986600000,22.6040883333,141.14999,
1128343,113.9986600000,22.6040883333,141.14999,
1128445,113.9986600000,22.6040883333,141.17999,
1128547,113.9986633333,22.6041333333,141.16000,
1128649,113.9986633333,22.6041333333,141.14000,
1128751,113.9986633333,22.6041333333,141.12000,
1128853,113.9986633333,22.6041333333,141.11000,
1128955,113.9986633333,22.6041333333,141.14000,
1129057,113.9986633333,22.6041333333,141.14000,
1129159,113.9986633333,22.6041333333,141.12000,
1129261,113.9986633333,22.6041333333,141.07001,
1129363,113.9986633333,22.6041333333,141.10001,
1129465,113.9986633333,22.6041333333,141.10001,
1129567,113.9986683333,22.6041798333,141.10001,
1129669,113.9986683333,22.6041798333,141.10001,
1129771,113.9986683333,22.6041798333,141.09000,
1129873,113.9986683333,22.6041798333,141.07001,
1129975,113.9986683333,22.6041798333,141.06000,
1130077,113.9986683333,22.6041798333,141.00999,
1130179,113.9986683333,22.6041798333,141.03999,
1130281,113.9986683333,22.6041798333,141.08000,
1130383,113.9986683333,22.6041798333,141.11000,
1130485,113.9986700000,22.6042316667,141.14000,
1130587,113.9986700000,22.6042316667,141.17000,
1130689,113.9986700000,22.6042316667,141.17999,
1130791,113.9986700000,22.6042316667,141.17999,
1130893,113.9986700000,22.6042316667,141.19000,
1130995,113.9986700000,22.6042316667,141.20000,
1131097,113.9986700000,22.6042316667,141.19000,
1131199,113.9986700000,22.6042316667,141.16000,
1131301,113.9986700000,22.6042316667,141.14000,
1131403,113.9986700000,22.6042316667,141.14999,
1131505,113.9986750000,22.6042816667,141.14000,
1131607,113.9986750000,22.6042816667,141.11000,
1131709,113.9986750000,22.6042816667,141.12000,
1131811,113.9986750000,22.6042816667,141.17000,
1131913,113.9986750000,22.6042816667,141.17999,
1132015,113.9986750000,22.6042816667,141.24001,
1132117,113.9986750000,22.6042816667,141.23000,
1132219,113.9986750000,22.6042816667,141.22000,
1132321,113.9986750000,22.6042816667,141.22000,
1132423,113.9986750000,22.6042816667,141.25000,
1132525,113.9986916667,22.6043266667,141.25000,
1132627,113.9986916667,22.6043266667,141.23000,
1132729,113.9986916667,22.6043266667,141.25000,
1132831,113.9986916667,22.6043266667,141.25000,
1132933,113.9986916667,22.6043266667,141.25999,
1133035,113.9986916667,22.6043266667,141.25000,
1133137,113.9986916667,22.6043266667,141.23000,
1133239,113.9986916667,22.6043266667,141.22000,
1133341,113.9986916667,22.6043266667,141.20000,
1133443,113.9986916667,22.6043266667,141.20000,
1133545,113.9987100000,22.6043733333,141.20000,
1133647,113.9987100000,22.6043733333,141.22000,
1133749,113.9987100000,22.6043733333,141.23000,
1133851,113.9987100000,22.6043733333,141.23000,
1133953,113.9987100000,22.6043733333,141.22000,
1134055,113.9987100000,22.6043733333,141.22000,
1134157,113.9987100000,22.6043733333,141.25999,
1134259,113.9987100000,22.6043733333,141.28000,
1134361,113.9987100000,22.6043733333,141.28999,
1134463,113.9987100000,22.6043733333,141.28999,
1134565,113.9987266667,22.6044216667,141.25999,
1134667,113.9987266667,22.6044216667,141.28000,
1134769,113.9987266667,22.6044216667,141.30000,
1134871,113.9987266667,22.6044216667,141.35001,
1134973,113.9987266667,22.6044216667,141.35001,
1135075,113.9987266667,22.6044216667,141.35001,
1135177,113.9987266667,22.6044216667,141.35001,
1135279,113.9987266667,22.6044216667,141.32001,
1135381,113.9987266667,22.6044216667,141.35001,
1135483,113.9987266667,22.6044216667,141.34000,
1135585,113.9987350000,22.6044700000,141.34000,
1135687,113.9987350000,22.6044700000,141.34000,
1135789,113.9987350000,22.6044700000,141.33000,
1135891,113.9987350000,22.6044700000,141.39000,
1135993,113.9987350000,22.6044700000,141.39999,
1136095,113.9987350000,22.6044700000,141.42000,
1136197,113.9987350000,22.6044700000,141.45000,
1136299,113.9987350000,22.6044700000,141.42999,
1136401,113.9987350000,22.6044700000,141.42999,
1136503,113.9987350000,22.6045116667,141.42999,
1136605,113.9987350000,22.6045116667,141.42000,
1136707,113.9987350000,22.6045116667,141.44000,
1136809,113.9987350000,22.6045116667,141.44000,
1136911,113.9987350000,22.6045116667,141.42000,
1137013,113.9987350000,22.6045116667,141.37000,
1137115,113.9987350000,22.6045116667,141.37000,
1137217,113.9987350000,22.6045116667,141.38000,
1137319,113.9987350000,22.6045116667,141.35001,
1137421,113.9987350000,22.6045116667,141.34000,
1137523,113.9987333333,22.6045616667,141.30000,
1137625,113.9987333333,22.6045616667,141.30000,
1137727,113.9987333333,22.6045616667,141.30000,
1137829,113.9987333333,22.6045616667,141.25000,
1137931,113.9987333333,22.6045616667,141.24001,
1138033,113.9987333333,22.6045616667,141.25999,
1138135,113.9987333333,22.6045616667,141.22000,
1138237,113.9987333333,22.6045616667,141.19000,
1138339,113.9987333333,22.6045616667,141.21001,
1138441,113.9987333333,22.6045616667,141.21001,
1138543,113.9987333333,22.6046133333,141.19000,
1138645,113.9987333333,22.6046133333,141.22000,
1138747,113.9987333333,22.6046133333,141.25000,
1138849,113.9987333333,22.6046133333,141.25999,
1138951,113.9987333333,22.6046133333,141.30000,
1139053,113.9987333333,22.6046133333,141.30000,
1139155,113.9987333333,22.6046133333,141.31000,
1139257,113.9987333333,22.6046133333,141.28999,
1139359,113.9987333333,22.6046133333,141.25000,
1139461,113.9987333333,22.6046133333,141.25000,
1139563,113.9987350000,22.6046666667,141.25000,
1139665,113.9987350000,22.6046666667,141.22000,
1139767,113.9987350000,22.6046666667,141.24001,
1139869,113.9987350000,22.6046666667,141.25999,
1139971,113.9987350000,22.6046666667,141.24001,
1140073,113.9987350000,22.6046666667,141.28000,
1140175,113.9987350000,22.6046666667,141.30000,
1140277,113.9987350000,22.6046666667,141.28999,
1140379,113.9987350000,22.6046666667,141.25999,
1140481,113.9987350000,22.6046666667,141.25000,
1140583,113.9987333333,22.6047200000,141.24001,
1140685,113.9987333333,22.6047200000,141.24001,
1140787,113.9987333333,22.6047200000,141.22000,
1140889,113.9987333333,22.6047200000,141.21001,
1140991,113.9987333333,22.6047200000,141.17999,
1141093,113.9987333333,22.6047200000,141.14999,
1141195,113.9987333333,22.6047200000,141.17000,
1141297,113.9987333333,22.6047200000,141.17999,
1141399,113.9987333333,22.6047200000,141.17999,
1141501,113.9987300000,22.6047700000,141.20000,
1141603,113.9987300000,22.6047700000,141.17000,
1141705,113.9987300000,22.6047700000,141.19000,
1141807,113.9987300000,22.6047700000,141.16000,
1141909,113.9987300000,22.6047700000,141.17999,
1142011,113.9987300000,22.6047700000,141.14999,
1142113,113.9987300000,22.6047700000,141.12000,
1142215,113.9987300000,22.6047700000,141.09000,
1142317,113.9987300000,22.6047700000,141.11000,
1142419,113.9987300000,22.6047700000,141.13000,
1142521,113.9987233333,22.6048183333,141.13000,
1142623,113.9987233333,22.6048183333,141.19000,
1142725,113.9987233333,22.6048183333,141.22000,
1142827,113.9987233333,22.6048183333,141.22000,
1142929,113.9987233333,22.6048183333,141.23000,
1143031,113.9987233333,22.6048183333,141.27000,
1143133,113.9987233333,22.6048183333,141.24001,
1143235,113.9987233333,22.6048183333,141.20000,
1143337,113.9987233333,22.6048183333,141.17000,
1143439,113.9987233333,22.6048183333,141.14000,
1143541,113.9987100000,22.6048600000,141.12000,
1143643,113.9987100000,22.6048600000,141.09000,
1143745,113.9987100000,22.6048600000,141.11000,
1143847,113.9987100000,22.6048600000,141.09000,
1143949,113.9987100000,22.6048600000,141.09000,
1144051,113.9987100000,22.6048600000,141.10001,
1144153,113.9987100000,22.6048600000,141.14999,
1144255,113.9987100000,22.6048600000,141.12000,
1144357,113.9987100000,22.6048600000,141.14000,
1144459,113.9986900000,22.6049031667,141.17999,
1144561,113.9986900000,22.6049031667,141.20000,
1144663,113.9986900000,22.6049031667,141.16000,
1144765,113.9986900000,22.6049031667,141.23000,
1144867,113.9986900000,22.6049031667,141.19000,
1144969,113.9986900000,22.6049031667,141.21001,
1145071,113.9986900000,22.6049031667,141.17000,
1145173,113.9986900000,22.6049031667,141.17999,
1145275,113.9986900000,22.6049031667,141.17999,
1145377,113.9986900000,22.6049031667,141.22000,
1145479,113.9986900000,22.6049031667,141.23000,
1145581,113.9986700000,22.6049433333,141.19000,
1145683,113.9986700000,22.6049433333,141.16000,
1145785,113.9986700000,22.6049433333,141.14000,
1145887,113.9986700000,22.6049433333,141.14000,
1145989,113.9986700000,22.6049433333,141.14999,
1146091,113.9986700000,22.6049433333,141.17999,
1146193,113.9986700000,22.6049433333,141.16000,
1146295,113.9986700000,22.6049433333,141.13000,
1146397,113.9986700000,22.6049433333,141.16000,
1146499,113.9986483333,22.6049833333,141.14000,
1146601,113.9986483333,22.6049833333,141.16000,
1146703,113.9986483333,22.6049833333,141.17999,
1146805,113.9986483333,22.6049833333,141.21001,
1146907,113.9986483333,22.6049833333,141.23000,
1147009,113.9986483333,22.6049833333,141.20000,
1147111,113.9986483333,22.6049833333,141.20000,
1147213,113.9986483333,22.6049833333,141.20000,
1147315,113.9986483333,22.6049833333,141.20000,
1147417,113.9986483333,22.6049833333,141.14999,
1147519,113.9986216667,22.6050231667,141.13000,
1147621,113.9986216667,22.6050231667,141.08000,
1147723,113.9986216667,22.6050231667,141.06000,
1147825,113.9986216667,22.6050231667,141.08000,
1147927,113.9986216667,22.6050231667,141.05000,
1148029,113.9986216667,22.6050231667,141.00999,
1148131,113.9986216667,22.6050231667,141.03000,
1148233,113.9986216667,22.6050231667,140.98000,
1148335,113.9986216667,22.6050231667,140.96001,
1148437,113.9986216667,22.6050231667,140.98000,
1148539,113.9985966667,22.6050583333,141.00000,
1148641,113.9985966667,22.6050583333,141.03000,
1148743,113.9985966667,22.6050583333,141.06000,
1148845,113.9985966667,22.6050583333,141.09000,
1148947,113.9985966667,22.6050583333,141.14000,
1149049,113.9985966667,22.6050583333,141.14000,
1149151,113.9985966667,22.6050583333,141.20000,
1149253,113.9985966667,22.6050583333,141.22000,
1149355,113.9985966667,22.6050583333,141.20000,
1149457,113.9985966667,22.6050583333,141.20000,
1149559,113.9985700000,22.6050900000,141.22000,
1149661,113.9985700000,22.6050900000,141.23000,
1149763,113.9985700000,22.6050900000,141.25000,
1149865,113.9985700000,22.6050900000,141.21001,
1149967,113.9985700000,22.6050900000,141.17999,
1150069,113.9985700000,22.6050900000,141.17000,
1150171,113.9985700000,22.6050900000,141.14000,
1150273,113.9985700000,22.6050900000,141.14000,
1150375,113.9985700000,22.6050900000,141.09000,
1150477,113.9985433333,22.6051183333,141.10001,
1150579,113.9985433333,22.6051183333,141.11000,
1150681,113.9985433333,22.6051183333,141.13000,
1150783,113.9985433333,22.6051183333,141.12000,
1150885,113.9985433333,22.6051183333,141.13000,
1150987,113.9985433333,22.6051183333,141.13000,
1151089,113.9985433333,22.6051183333,141.14000,
1151191,113.9985433333,22.6051183333,141.14000,
1151293,113.9985433333,22.6051183333,141.16000,
1151395,113.9985433333,22.6051183333,141.14000,
1151497,113.9985133333,22.6051416667,141.12000,
1151599,113.9985133333,22.6051416667,141.13000,
1151701,113.9985133333,22.6051416667,141.16000,
1151803,113.9985133333,22.6051416667,141.17999,
1151905,113.9985133333,22.6051416667,141.21001,
1152007,113.9985133333,22.6051416667,141.27000,
1152109,113.9985133333,22.6051416667,141.27000,
1152211,113.9985133333,22.6051416667,141.28999,
1152313,113.9985133333,22.6051416667,141.28999,
1152415,113.9985133333,22.6051416667,141.30000,
1152517,113.9984816667,22.6051600000,141.30000,
1152619,113.9984816667,22.6051600000,141.27000,
1152721,113.9984816667,22.6051600000,141.24001,
1152823,113.9984816667,22.6051600000,141.23000,
1152925,113.9984816667,22.6051600000,141.19000,
1153027,113.9984816667,22.6051600000,141.20000,
1153129,113.9984816667,22.6051600000,141.17000,
1153231,113.9984816667,22.6051600000,141.17000,
1153333,113.9984816667,22.6051600000,141.13000,
1153435,113.9984816667,22.6051600000,141.11000,
1153537,113.9984450000,22.6051750000,141.08000,
1153639,113.9984450000,22.6051750000,141.03999,
1153741,113.9984450000,22.6051750000,141.03000,
1153843,113.9984450000,22.6051750000,140.97000,
1153945,113.9984450000,22.6051750000,140.92000,
1154047,113.9984450000,22.6051750000,140.87000,
1154149,113.9984450000,22.6051750000,140.85001,
1154251,113.9984450000,22.6051750000,140.78999,
1154353,113.9984450000,22.6051750000,140.75999,
1154455,113.9984450000,22.6051750000,140.77000,
1154557,113.9984083333,22.6051915000,140.75999,
1154659,113.9984083333,22.6051915000,140.71001,
1154761,113.9984083333,22.6051915000,140.75000,
1154863,113.9984083333,22.6051915000,140.73000,
1154965,113.9984083333,22.6051915000,140.71001,
1155067,113.9984083333,22.6051915000,140.67999,
1155169,113.9984083333,22.6051915000,140.66000,
1155271,113.9984083333,22.6051915000,140.64000,
1155373,113.9984083333,22.6051915000,140.62000,
1155475,113.9984083333,22.6051915000,140.59000,
1155577,113.9983750000,22.6052000000,140.60001,
1155679,113.9983750000,22.6052000000,140.63000,
1155781,113.9983750000,22.6052000000,140.63000,
1155883,113.9983750000,22.6052000000,140.63000,
1155985,113.9983750000,22.6052000000,140.63000,
1156087,113.9983750000,22.6052000000,140.63000,
1156189,113.9983750000,22.6052000000,140.62000,
1156291,113.9983750000,22.6052000000,140.60001,
1156393,113.9983750000,22.6052000000,140.59000,
1156495,113.9983433333,22.6052083333,140.58000,
1156597,113.9983433333,22.6052083333,140.56000,
1156699,113.9983433333,22.6052083333,140.56000,
1156801,113.9983433333,22.6052083333,140.58000,
1156903,113.9983433333,22.6052083333,140.64000,
1157005,113.9983433333,22.6052083333,140.66000,
1157107,113.9983433333,22.6052083333,140.70000,
1157209,113.9983433333,22.6052083333,140.74001,
1157311,113.9983433333,22.6052083333,140.74001,
1157413,113.9983433333,22.6052083333,140.75000,
1157515,113.9983133333,22.6052100000,140.77000,
1157617,113.9983133333,22.6052100000,140.83000,
1157719,113.9983133333,22.6052100000,140.84000,
1157821,113.9983133333,22.6052100000,140.83000,
1157923,113.9983133333,22.6052100000,140.84000,
1158025,113.9983133333,22.6052100000,140.82001,
1158127,113.9983133333,22.6052100000,140.78999,
1158229,113.9983133333,22.6052100000,140.78999,
1158331,113.9983133333,22.6052100000,140.78000,
1158433,113.9983133333,22.6052100000,140.81000,
1158535,113.9982833333,22.6052100000,140.82001,
1158637,113.9982833333,22.6052100000,140.83000,
1158739,113.9982833333,22.6052100000,140.84000,
1158841,113.9982833333,22.6052100000,140.82001,
1158943,113.9982833333,22.6052100000,140.87000,
1159045,113.9982833333,22.6052100000,140.86000,
1159147,113.9982833333,22.6052100000,140.89000,
1159249,113.9982833333,22.6052100000,140.89000,
1159351,113.9982833333,22.6052100000,140.89999,
1159453,113.9982833333,22.6052100000,140.86000,
1159555,113.9982600000,22.6052065000,140.88000,
1159657,113.9982600000,22.6052065000,140.86000,
1159759,113.9982600000,22.6052065000,140.87000,
1159861,113.9982600000,22.6052065000,140.86000,
1159963,113.9982600000,22.6052065000,140.84000,
1160065,113.9982600000,22.6052065000,140.83000,
1160167,113.9982600000,22.6052065000,140.86000,
1160269,113.9982600000,22.6052065000,140.89000,
1160371,113.9982600000,22.6052065000,140.84000,
1160473,113.9982600000,22.6052065000,140.83000,
1160575,113.9982383333,22.6052016667,140.84000,
1160677,113.9982383333,22.6052016667,140.86000,
1160779,113.9982383333,22.6052016667,140.85001,
1160881,113.9982383333,22.6052016667,140.91000,
1160983,113.9982383333,22.6052016667,140.89000,
1161085,113.9982383333,22.6052016667,140.91000,
1161187,113.9982383333,22.6052016667,140.96001,
1161289,113.9982383333,22.6052016667,140.96001,
1161391,113.9982383333,22.6052016667,140.98000,
1161493,113.9982200000,22.6052000000,140.99001,
1161595,113.9982200000,22.6052000000,141.00000,
1161697,113.9982200000,22.6052000000,141.02000,
1161799,113.9982200000,22.6052000000,141.00999,
1161901,113.9982200000,22.6052000000,141.05000,
1162003,113.9982200000,22.6052000000,141.03999,
1162105,113.9982200000,22.6052000000,141.02000,
1162207,113.9982200000,22.6052000000,141.00000,
1162309,113.9982200000,22.6052000000,140.96001,
1162411,113.9982200000,22.6052000000,140.89999,
1162513,113.9982116667,22.6052000000,140.92999,
1162615,113.9982116667,22.6052000000,140.94000,
1162717,113.9982116667,22.6052000000,140.94000,
1162819,113.9982116667,22.6052000000,140.94000,
1162921,113.9982116667,22.6052000000,140.89999,
1163023,113.9982116667,22.6052000000,140.89999,
1163125,113.9982116667,22.6052000000,140.87000,
1163227,113.9982116667,22.6052000000,140.87000,
1163329,113.9982116667,22.6052000000,140.85001,
1163431,113.9982116667,22.6052000000,140.80000,
1163533,113.9982066667,22.6052016667,140.78999,
1163635,113.9982066667,22.6052016667,140.81000,
1163737,113.9982066667,22.6052016667,140.77000,
1163839,113.9982066667,22.6052016667,140.74001,
1163941,113.9982066667,22.6052016667,140.73000,
1164043,113.9982066667,22.6052016667,140.71001,
1164145,113.9982066667,22.6052016667,140.72000,
1164247,113.9982066667,22.6052016667,140.71001,
1164349,113.9982066667,22.6052016667,140.72000,
1164451,113.9982066667,22.6052016667,140.74001,
1164553,113.9982016667,22.6052016667,140.74001,
1164655,113.9982016667,22.6052016667,140.73000,
1164757,113.9982016667,22.6052016667,140.74001,
1164859,113.9982016667,22.6052016667,140.75000,
1164961,113.9982016667,22.6052016667,140.73000,
1165063,113.9982016667,22.6052016667,140.74001,
1165165,113.9982016667,22.6052016667,140.73000,
1165267,113.9982016667,22.6052016667,140.69000,
1165369,113.9982016667,22.6052016667,140.70000,
1165471,113.9982016667,22.6052016667,140.70000,
1165573,113.9982000000,22.6052050000,140.70000,
1165675,113.9982000000,22.6052050000,140.67999,
1165777,113.9982000000,22.6052050000,140.66000,
1165879,113.9982000000,22.6052050000,140.63000,
1165981,113.9982000000,22.6052050000,140.66000,
1166083,113.9982000000,22.6052050000,140.64999,
1166185,113.9982000000,22.6052050000,140.63000,
1166287,113.9982000000,22.6052050000,140.62000,
1166389,113.9982000000,22.6052050000,140.63000,
1166491,113.9981950000,22.6052050000,140.62000,
1166593,113.9981950000,22.6052050000,140.63000,
1166695,113.9981950000,22.6052050000,140.67000,
1166797,113.9981950000,22.6052050000,140.66000,
1166899,113.9981950000,22.6052050000,140.64999,
1167001,113.9981950000,22.6052050000,140.63000,
1167103,113.9981950000,22.6052050000,140.61000,
1167205,113.9981950000,22.6052050000,140.62000,
1167307,113.9981950000,22.6052050000,140.63000,
1167409,113.9981950000,22.6052050000,140.64000,
1167511,113.9981900000,22.6052050000,140.62000,
1167613,113.9981900000,22.6052050000,140.62000,
1167715,113.9981900000,22.6052050000,140.64000,
1167817,113.9981900000,22.6052050000,140.62000,
1167919,113.9981900000,22.6052050000,140.60001,
1168021,113.9981900000,22.6052050000,140.60001,
1168123,113.9981900000,22.6052050000,140.61000,
1168225,113.9981900000,22.6052050000,140.58000,
1168327,113.9981900000,22.6052050000,140.56000,
1168429,113.9981900000,22.6052050000,140.60001,
1168531,113.9981900000,22.6052050000,140.62000,
1168633,113.9981900000,22.6052050000,140.64000,
1168735,113.9981900000,22.6052050000,140.64999,
1168837,113.9981900000,22.6052050000,140.64000,
1168939,113.9981900000,22.6052050000,140.67999,
1169041,113.9981900000,22.6052050000,140.66000,
1169143,113.9981900000,22.6052050000,140.63000,
1169245,113.9981900000,22.6052050000,140.61000,
1169347,113.9981900000,22.6052050000,140.62000,
1169449,113.9981900000,22.6052050000,140.59000,
1169551,113.9981900000,22.6052050000,140.55000,
1169653,113.9981900000,22.6052050000,140.58000,
1169755,113.9981900000,22.6052050000,140.52000,
1169857,113.9981900000,22.6052050000,140.52000,
1169959,113.9981900000,22.6052050000,140.53000,
